timestamp,intent,skills_run,assets_generated,budget_flagged,notes
"2026-04-24T20:07:47.062Z","generate_skill","hook-writer","2","false","hook-writer for anytime-fitness"
"2026-04-24T21:31:01.188Z","media-analyzer","","0","false","media-analyzer complete"
"2026-04-24T21:32:04.767Z","media-analyzer","","0","false","media-analyzer complete"
"2026-04-24T21:32:04.781Z","exit","","0","false","Session 4/24/2026: Synced: media-analyzer."
"2026-04-24T21:32:13.366Z","cross-brain-sync","","0","false","cross-brain-sync complete"
"2026-04-24T21:32:13.370Z","exit","","0","false","Session 4/24/2026: Synced: cross-brain-sync."
"2026-04-24T21:39:31.922Z","exit","","0","false","Session 4/24/2026: status check only."
"2026-04-24T21:39:38.144Z","exit","","0","false","Session 4/24/2026: status check only."
"2026-04-24T21:39:43.889Z","exit","","0","false","Session 4/24/2026: status check only."
"2026-04-24T22:20:38.050Z","media-analyzer","","0","false","media-analyzer complete"
"2026-04-24T22:36:54.437Z","review_queue","","0","false","Approved 2 asset(s)"
"2026-04-24T22:36:54.439Z","exit","","0","false","Session 4/24/2026: Approved: offer-machine-20260423-A-NP22, Approved: offer-machine-20260423-B-M5ZL."
"2026-04-24T22:37:02.427Z","review_queue","","0","false","Approved 4 asset(s)"
"2026-04-24T22:37:02.428Z","exit","","0","false","Session 4/24/2026: Approved: hook-writer-20260423-A-1JZO, Approved: hook-writer-20260423-B-FOE2, Approved: hook-writer-20260424-A-T2NG +1 more."
"2026-04-24T22:37:05.640Z","exit","","0","false","Session 4/24/2026: status check only."
"2026-04-26T16:47:44.169Z","manus_callback","portal","0","false","Callback: review-monitoring task_id=local-1777222048435 status=completed"
"2026-04-27T21:53:20.222Z","generate_skill","image-generator","2","true","image-generator for anytime-fitness"
"2026-04-27T21:55:43.817Z","generate_skill","image-generator","2","true","image-generator for anytime-fitness"
"2026-04-27T22:01:48.213Z","generate_skill","image-generator","2","true","image-generator for anytime-fitness"
"2026-04-27T22:11:07.046Z","generate_campaign_images","pain_point","0","true","0 passed 0 flagged"
"2026-04-27T22:19:05.725Z","generate_campaign_images","pain_point","13","true","4 passed 9 flagged"
"2026-04-27T22:24:59.307Z","exit","","0","false","Session 4/27/2026: status check only."
"2026-04-27T22:26:51.443Z","exit","","0","false","Session 4/27/2026: status check only."
"2026-04-27T22:39:53.406Z","media-analyzer","","0","false","media-analyzer complete"
"2026-04-27T22:48:40.335Z","generate_campaign_images","pain_point","1","true","1 passed 0 flagged"
"2026-04-27T23:06:36.019Z","generate_campaign_images","pain_point","13","true","11 passed 2 flagged"
"2026-04-28T00:00:22.315Z","generate_campaign_images","cold/L2","9","true","8 passed 1 flagged"
